selector,par10,par10_fold_std,sbs_par10,vbs_par10,gap_closed,gap_closed_fold_mean,gap_closed_fold_std,accuracy,mean_regret,solved_fraction,n_instances,n_folds,fallbacks,overhead_mean_s,par10_charged,gap_closed_charged,scenario,config_key,git_commit,seed
SBS,23763.149134314222,3779.8742298101033,23763.149134314222,16837.687475109713,0.0,0.0,0.0,0.5375375375375375,6925.461659204507,0.5345345345345346,333,10,0,0.0,23763.149134314226,-5.253048801817477e-16,SAT18-EXP[4 algs][graph: 333/353],16dabc90e376,0041c53,0
Feat-clf,18814.887673732686,2817.58559225551,23763.149134314222,16837.687475109713,0.7145027586723968,0.6667306581543243,0.2421654482684889,0.7297297297297297,1977.20019862297,0.6336336336336337,333,10,0,0.1081981981981982,18814.957163222174,0.7144927247579941,SAT18-EXP[4 algs][graph: 333/353],16dabc90e376,0041c53,0
Feat-reg,18679.501055854456,3361.53258257786,23763.149134314222,16837.687475109713,0.7340518695534439,0.7417312998018412,0.17513245510925401,0.7567567567567568,1841.8135807447418,0.6366366366366366,333,10,0,0.1081981981981982,18679.570725524125,0.734041809621977,SAT18-EXP[4 algs][graph: 333/353],16dabc90e376,0041c53,0
Untrained-graph-clf,19591.65626702194,2292.02872791468,23763.149134314222,16837.687475109713,0.602341486036245,0.6004542973471014,0.19270972951200024,0.6846846846846847,2753.9687919122252,0.6186186186186187,333,10,0,2.8294026705705675,19593.529900875576,0.6020709432268503,SAT18-EXP[4 algs][graph: 333/353],16dabc90e376,0041c53,0
Untrained-graph-reg,19580.11114205711,2227.853520163323,23763.149134314222,16837.687475109713,0.6040085409609495,0.5966370182065563,0.28643388080236715,0.7027027027027027,2742.423666947393,0.6186186186186187,333,10,0,2.8294026705705675,19582.055838973807,0.6037277370214588,SAT18-EXP[4 algs][graph: 333/353],16dabc90e376,0041c53,0
Untrained-hybrid-clf,18813.967110977694,3067.335783362059,23763.149134314222,16837.687475109713,0.7146356830607326,0.6853846647768853,0.262611498007901,0.7447447447447447,1976.2796358679789,0.6336336336336337,333,10,0,2.9376008687687656,18815.926902100728,0.7143526995977558,SAT18-EXP[4 algs][graph: 333/353],16dabc90e376,0041c53,0
GNN-direct,20599.20647785656,3250.17737359839,23763.149134314222,16837.687475109713,0.45685656959092735,0.46708317741099803,0.3409041135161568,0.5975975975975976,3761.5190027468466,0.6006006006006006,333,10,0,2.8294026705705675,20601.122807671603,0.4565798617107389,SAT18-EXP[4 algs][graph: 333/353],16dabc90e376,0041c53,0
Trained-graph-clf,19852.318461233615,2601.8325481549946,23763.149134314222,16837.687475109713,0.5647032451450786,0.5220106785546351,0.22555994588149983,0.7087087087087087,3014.630986123901,0.6126126126126126,333,10,0,2.8294026705705675,19854.184366113423,0.5644338183585874,SAT18-EXP[4 algs][graph: 333/353],16dabc90e376,0041c53,0
Trained-graph-reg,19956.003909079267,2186.5037828878294,23763.149134314222,16837.687475109713,0.5497316153898485,0.5868358190125889,0.2577756880008368,0.7207207207207207,3118.3164339695522,0.6096096096096096,333,10,0,2.8294026705705675,19957.91585637907,0.5494555403216599,SAT18-EXP[4 algs][graph: 333/353],16dabc90e376,0041c53,0
Trained-hybrid-clf,19226.256293051636,3149.415408362067,23763.149134314222,16837.687475109713,0.6551033078398004,0.5893252425606408,0.33142623001429655,0.7477477477477478,2388.5688179419217,0.6246246246246246,333,10,0,2.9376008687687656,19228.197244467687,0.6548230447307741,SAT18-EXP[4 algs][graph: 333/353],16dabc90e376,0041c53,0
Trained-hybrid-reg,19269.46190906285,3169.552818795014,23763.149134314222,16837.687475109713,0.6488646456195293,0.6342270333320945,0.33854706406978696,0.7207207207207207,2431.774433953135,0.6246246246246246,333,10,0,2.9376008687687656,19271.464635253673,0.6485754625600635,SAT18-EXP[4 algs][graph: 333/353],16dabc90e376,0041c53,0
Trained-stacked(ridge),18817.2139507523,3385.4962620899723,23763.149134314222,16837.687475109713,0.7141668565861408,0.7293461017475702,0.18238157226595825,0.7597597597597597,1979.5264756425822,0.6336336336336337,333,10,0,2.9376008687687656,18819.17636049395,0.7138834950084986,SAT18-EXP[4 algs][graph: 333/353],16dabc90e376,0041c53,0
VBS (oracle),16837.687475109713,3392.123699180358,23763.149134314222,16837.687475109713,1.0,1.0,0.0,1.0,0.0,0.6726726726726727,333,10,0,0.0,16837.687475109713,1.0,SAT18-EXP[4 algs][graph: 333/353],16dabc90e376,0041c53,0
