instance_id,hash,declared_clauses,kept_clauses,variables,variables_dropped,nodes,edges,sampled,build_seconds
sat/10-3-13.cnf.bz2,241cae32aeae264c2014b4ed0e149cdd,922204,200000,27606,2166,255212,579742,1,2.233
sat/10-4-10.cnf.bz2,616ff4fd40ffb6b6f628b0e77f4f6c9c,2670467,200000,70209,10107,340418,582629,1,5.319
sat/20180321_110704973_p_cnf_320_1120.cnf.bz2,f16a1da5c1f0ab9969f622a1d8dc11ac,1120,1120,320,0,1760,3360,0,0.008
sat/20180321_110707239_p_cnf_320_1120.cnf.bz2,e4e212eca714fc5458e0daf485da492a,1120,1120,320,0,1760,3360,0,0.006
sat/20180321_140823961_p_cnf_320_1120.cnf.bz2,833511434f9a21861fde44bb8dbf0295,1120,1120,320,0,1760,3360,0,0.006
sat/20180321_140824282_p_cnf_320_1120.cnf.bz2,f09f81bbbe75fc5083515ec9b586afb9,1120,1120,320,0,1760,3360,0,0.006
sat/20180321_140826713_p_cnf_320_1120.cnf.bz2,072785fd927ff0fd180ce8b9cc00078f,1120,1120,320,0,1760,3360,0,0.005
sat/20180321_140827428_p_cnf_320_1120.cnf.bz2,e1caf89759a7dea99908ea8adb6acca4,1120,1120,320,0,1760,3360,0,0.005
sat/20180321_140833987_p_cnf_320_1120.cnf.bz2,29a5ffb47a49a6d240e08e207f320052,1120,1120,320,0,1760,3360,0,0.006
sat/20180322_164223076_p_cnf_320_1120.cnf.bz2,5720517e098b74fdf0616d797e327a9d,1120,1120,320,0,1760,3360,0,0.006
sat/20180322_164224543_p_cnf_320_1120.cnf.bz2,6c63eab967a2d2aee6c73f08963fe6ba,1120,1120,320,0,1760,3360,0,0.005
sat/20180322_164226661_p_cnf_320_1120.cnf.bz2,d447374ab066d782661638ee4bec8a6d,1120,1120,320,0,1760,3360,0,0.005
sat/20180322_164238439_p_cnf_320_1120.cnf.bz2,a9798281fd0900a65d6f69c6978fb443,1120,1120,320,0,1760,3360,0,0.006
sat/20180322_164241329_p_cnf_320_1120.cnf.bz2,3916d72a4f1795b1c624087c4e0102a1,1120,1120,320,0,1760,3360,0,0.006
sat/20180322_164241842_p_cnf_320_1120.cnf.bz2,2a5faba0239d2d40929b8ebda8c51f1e,1120,1120,320,0,1760,3360,0,0.005
sat/20180322_164245263_p_cnf_320_1120.cnf.bz2,2d5cc23d8d805a0cf65141e4b4401ba4,1120,1120,320,0,1760,3360,0,0.005
sat/20180326_095801070_p_cnf_320_1120.cnf.bz2,68687b76b8bbdfc3401b9fbed2e94ffa,1120,1120,320,0,1760,3360,0,0.005
sat/20180326_095805836_p_cnf_320_1120.cnf.bz2,618e82c35b17ee100a3f13ca18a2e537,1120,1120,320,0,1760,3360,0,0.005
sat/6-3-8.cnf.bz2,b004a860aa472a75b393c9fa934d409f,91638,91638,5903,0,103444,257747,0,0.331
sat/6-4-6.cnf.bz2,e2f36e5dc43c82b17b34e5129bca3772,248329,200000,14716,604,229432,565677,1,0.939
sat/6-4-7.cnf.bz2,8db318b63d0689c8396eadf97879a046,336893,200000,16876,1492,233752,567995,1,1.032
sat/6-5-6.cnf.bz2,ef7c01b088be93a5cddad67853b35e03,790501,200000,33562,6928,267124,569960,1,1.828
sat/7-4-7.cnf.bz2,4a6798e1b043f81b71db5734e0a128a3,519560,200000,22673,2773,245346,572017,1,1.342
sat/7-5-6.cnf.bz2,655995219ca8db20470540fe9e0b0b71,1217329,200000,46809,9275,293618,573870,1,2.555
sat/8-4-10.cnf.bz2,e544baa72f56e45f9acd0a02b272d4be,1490919,200000,43913,6499,287826,578392,1,3.106
sat/8-4-8.cnf.bz2,60317159a0e3c8391d60103eb0b3d530,968786,200000,34475,4795,268950,576585,1,2.176
sat/8-4-9.cnf.bz2,a1fe3a0ef9e24d357270316154296954,1216293,200000,39269,5617,278538,577766,1,2.557
sat/8-5-6.cnf.bz2,024af9416f8c1dad1b4f974757e38d51,1752053,200000,62336,11788,324672,576100,1,3.559
sat/9-4-10.cnf.bz2,7898e4cb7c071c91f36319399d0c6933,2032097,200000,56530,8026,313060,580094,1,4.017
sat/9-4-9.cnf.bz2,dd926bb427ade42f65444c65bc7e80dc,1660798,200000,50330,7038,300660,579264,1,3.296
sat/a_rphp035_05.cnf.bz2,217256b141ade2c4d06120f01360f63a,4118,4118,367,0,4852,15442,0,0.019
sat/a_rphp045_05.cnf.bz2,0a81c16b871ab1a63046cc99041f4e47,6643,6643,472,0,7587,25252,0,0.028
sat/a_rphp055_04.cnf.bz2,e7efa5b7f4a6358f6b4af4051938fe2c,7278,7278,467,0,8212,28000,0,0.031
sat/a_rphp056_05.cnf.bz2,b119165e8b1a21c5a2d9d382eefcf122,10225,10225,588,0,11401,39256,0,0.042
sat/a_rphp065_04.cnf.bz2,49f527a4f7e4fe295aa756c1fefb9d45,10063,10063,552,0,11167,38940,0,0.043
sat/a_rphp085_04.cnf.bz2,45c29ed9f56511fb8800e91fca228740,16983,16983,722,0,18427,66220,0,0.075
sat/a_rphp098_04.cnf.bz2,183d151693172be95f047880198a586a,22593,22593,833,0,24259,88396,0,0.098
sat/ad-A-3-7-17.cnf.bz2,5677e2c2ebca84a13922664f84b363a3,440901,200000,30511,21,261022,546960,1,1.204
sat/ae_rphp035_05.cnf.bz2,88a3fd31ea2cbdbe596ead8e01b6cbd9,6728,6728,2977,0,12682,20662,0,0.026
sat/ae_rphp045_05.cnf.bz2,1bc64571a2d63584f376db792e8d4acb,10903,10903,4732,0,20367,33772,0,0.039
sat/ae_rphp055_04.cnf.bz2,d612eee37ec14cf8ba2f2aa3579d3ae7,11996,11996,5185,0,22366,37436,0,0.043
sat/ae_rphp056_05.cnf.bz2,2f96882c6bf532587ff779b4aa9b7405,16762,16762,7125,0,31012,52330,0,0.061
sat/ae_rphp062_05.cnf.bz2,4267e1ab8473d6d6e532c52f2c2ab8bf,20419,20419,8634,0,37687,63892,0,0.076
sat/ae_rphp075_04.cnf.bz2,b6fee10cb9e4834fab599f6e9a25620c,21986,21986,9325,0,40636,69056,0,0.08
sat/ae_rphp095_04.cnf.bz2,0b718ab9c97252d173487b79e0d1101a,34976,34976,14665,0,64306,110276,0,0.133
sat/apn-sbox5-cut3-symmbreak.cnf.bz2,1e3c3e8d349759b8b482a6f2721762c4,86081,86081,21240,0,128561,261665,0,0.32
sat/apn-sbox5-cut4-symmbreak.cnf.bz2,5d471ba40853f3e82d2e9af5cf2a5f4f,86081,86081,15040,0,116161,311265,0,0.334
sat/apn-sbox5-cut5-symmbreak.cnf.bz2,e5930cfb5e34c9102635724f36f987ba,110881,110881,8840,0,128561,534465,0,0.497
sat/apn-sbox6-cut3-helpbox23.cnf.bz2,d44d7450ee0373c5c19637dad7840055,810906,200000,168702,31266,537404,608978,1,1.998
sat/apn-sbox6-cut3-helpbox26.cnf.bz2,556ccbb8c839397fa16f270eb902bf61,810924,200000,168965,31003,537930,609111,1,1.963
sat/apn-sbox6-cut3-helpbox28.cnf.bz2,f84299860dd15ef54992240f39620b90,810936,200000,169000,30968,538000,609041,1,1.902
sat/apn-sbox6-cut3-helpbox29.cnf.bz2,380602278a69c8356d72ee604d62a426,810942,200000,169079,30889,538158,608977,1,1.913
sat/apn-sbox6-cut3-helpbox30.cnf.bz2,413fe2a006608dddd3a1e16b70a69673,810948,200000,168801,31167,537602,608775,1,1.893
sat/apn-sbox6-cut3-helpbox31.cnf.bz2,80b00b980dafd615a74c1fd56e7363cd,810954,200000,168680,31288,537360,608866,1,1.937
sat/apn-sbox6-cut4-helpbox23.cnf.bz2,1f7d2a5f671c717bdaa409492ac3ab3d,810906,200000,127520,9952,455040,731974,1,2.162
sat/apn-sbox6-cut4-helpbox26.cnf.bz2,7bcbe64c5bdad9b53ca0aae0000e3bcf,810924,200000,127504,9968,455008,732466,1,2.041
sat/apn-sbox6-cut4-helpbox28.cnf.bz2,7f2216a51e42aad000442486fabe9455,810936,200000,127622,9850,455244,732415,1,2.031
sat/apn-sbox6-cut4-helpbox29.cnf.bz2,b330bb80d25571dd4fc6cf5137e133d3,810942,200000,127652,9820,455304,732284,1,2.049
sat/apn-sbox6-cut4-helpbox30.cnf.bz2,2900e0902b39ca81551fc80aca4bf201,810948,200000,127587,9885,455174,731930,1,2.175
sat/apn-sbox6-cut4-helpbox31.cnf.bz2,b684cf496a04f5919f26fa50ce4697cf,810954,200000,127551,9921,455102,732071,1,2.117
sat/apn-sbox6-cut5-helpbox23.cnf.bz2,511c31a42505f9c6c389faafd051f3fe,1060890,200000,68961,6015,337922,984037,1,2.918
sat/apn-sbox6-cut5-helpbox26.cnf.bz2,7c1a4e2698c9f259264b2a0a62ebe166,1060908,200000,68975,6001,337950,983903,1,2.857
sat/apn-sbox6-cut5-helpbox28.cnf.bz2,2a1f7571b10948d895ad33608277cc74,1060920,200000,68904,6072,337808,983900,1,2.863
sat/apn-sbox6-cut5-helpbox29.cnf.bz2,cd45de8e357af61f4dfc5d0f48ff2b91,1060926,200000,68914,6062,337828,983898,1,2.851
sat/apn-sbox6-cut5-helpbox30.cnf.bz2,4cd5a0c02ec0f5dd07e5f73a53c72092,1060932,200000,68932,6044,337864,983989,1,2.827
sat/assoc_mult_err_3.c.cnf.bz2,22922a96c4bdac643b69069355c5db28,71247,71247,15043,456,101333,205383,0,0.252
sat/assoc2.c.cnf.bz2,af0d4ae466a64e31098ef99f52ce08ee,66490,66490,13878,391,94246,192084,0,0.238
sat/avg_true-unreach-call.i.cnf.bz2,4c19bb1819c247901ce670322357239c,303969,200000,73381,617,346762,580874,1,0.979
sat/ax-d-4-7-5.cnf.bz2,49ed057e8214d3687dc69741bd7bd589,153673,153673,19610,0,192893,386430,0,0.531
sat/bx-d-4-7-6.cnf.bz2,8dcb930bacf1d778141f6d2117923d1b,200259,200000,23532,0,247064,510209,1,0.735
sat/bx-d-4-7-8.cnf.bz2,41afe4f9d2db445600aa14ee1dc2a929,304471,200000,31370,6,262740,520928,1,0.91
sat/by-alt-5-7.cnf.bz2,5aaba0d1cedc84a0100dca0235968591,448053,200000,48840,97,297680,516120,1,1.206
sat/by-X-2-7-100.cnf.bz2,08e8e08679a3c2ccb537d682165cb351,3259670,200000,59472,2528,318944,585767,1,6.099
sat/bz-X-4-7-6.cnf.bz2,fec4ba2cf2416933dcf7b8153be97344,200000,200000,23508,0,247016,510379,0,0.716
sat/C3-2-31.cnf.bz2,ccfe15077c8b8b41fc7d96deadb70af8,624047,200000,2198,10,204396,1964097,1,3.247
sat/Cake_8_16.cnf.bz2,ea2a5715ae7d9d681fbf4a6fb13c4416,47100,47100,9219,0,65538,150722,0,0.172
sat/Cake_9_19.cnf.bz2,d54a49df382789564a5295bc96791731,95981,95981,18161,0,132303,311011,0,0.358
sat/Cake_9_20.cnf.bz2,840df285912c570dd79cfaa896c7f5fb,101236,101236,19150,0,139536,328136,0,0.37
sat/cms-scheel-md4-families-r24-c4-p4-9-13-18.cnf.bz2,a9e23838767ee4cad6cf8a0dd6dda643,94135,94135,29689,0,153513,242747,0,0.314
sat/cms-scheel-md4-families-r24-c4-p6-13-17-19.cnf.bz2,8d2387dee3e6dd066a8c95b991f700e7,94135,94135,29689,0,153513,242747,0,0.317
sat/cms-scheel-md4-families-r24-c5-p0-5-11-13-18.cnf.bz2,17d73071f8e0b710abbcfb506a54dec9,94137,94137,29690,0,153517,242751,0,0.32
sat/cms-scheel-md4-families-r24-c5-p0-7-10-15-19.cnf.bz2,964b08e46077d5e4138651ac19ff707e,94137,94137,29690,0,153517,242751,0,0.327
sat/cms-scheel-md4-families-r24-c5-p1-5-10-12-18.cnf.bz2,b8ffcf86c50940faebc0c68471a35328,94137,94137,29690,0,153517,242751,0,0.315
sat/cms-scheel-md4-families-r24-c5-p1-8-13-18-19.cnf.bz2,c9a1d049ca7d766ddb2e407ddf536226,94137,94137,29690,0,153517,242751,0,0.32
sat/cms-scheel-md4-families-r24-c5-p1-8-9-16-19.cnf.bz2,5b627a0a66a27c5eb329aa4bd837b812,94137,94137,29690,0,153517,242751,0,0.314
sat/cms-scheel-md4-families-r24-c5-p5-13-16-17-19.cnf.bz2,c5d11380b9104296f64d8fcd50027d69,94137,94137,29690,0,153517,242751,0,0.316
sat/cms-scheel-md4-families-r24-c6-p0-5-10-11-17-18.cnf.bz2,64e6bd3d139c32c5bbc0906c820713b9,94139,94139,29691,0,153521,242755,0,0.319
sat/cms-scheel-md4-families-r24-c6-p1-9-13-16-18-19.cnf.bz2,eba7f569a9faed0b8e88ce3d6fa576f7,94139,94139,29691,0,153521,242755,0,0.317
sat/cms-scheel-md4-families-r24-c6-p2-4-9-16-17-19.cnf.bz2,4cd60c4e03c91c83431875b7a351dd19,94139,94139,29691,0,153521,242755,0,0.317
sat/cms-scheel-md4-families-r24-c8-p2-3-4-5-7-12-16-19.cnf.bz2,38ad1c44716f1afab7ce8342e00e53af,94143,94143,29693,0,153529,242763,0,0.319
sat/cms-scheel-md5-families-r24-c11-p1-4-6-9-10-11-13-15-17-18-19.cnf.bz2,0216f9d35f2b695b904fffb312e3e611,131279,131279,39550,0,210379,348525,0,0.451
sat/cms-scheel-md5-families-r24-c4-p1-3-4-16.cnf.bz2,ae1297b45c60929765a002a59e58ca85,131265,131265,39543,0,210351,348497,0,0.448
sat/cms-scheel-md5-families-r24-c5-p2-7-8-15-19.cnf.bz2,ab045d95555fad4b4156c7083fa66977,131267,131267,39544,0,210355,348501,0,0.467
sat/cms-scheel-md5-families-r24-c5-p6-11-15-16-19.cnf.bz2,4066f8a2168aacb58c4c30f849414c43,131267,131267,39544,0,210355,348501,0,0.453
sat/cms-scheel-md5-families-r24-c6-p1-4-6-13-14-18.cnf.bz2,14e97f5bdd4ba3f941b73daa1e5ebf7d,131269,131269,39545,0,210359,348505,0,0.453
sat/cms-scheel-md5-families-r24-c7-p1-3-6-10-11-14-15.cnf.bz2,2fc1354438b7dc24dea60cc6fce62e8b,131271,131271,39546,0,210363,348509,0,0.453
sat/cms-scheel-md5-families-r24-c7-p1-5-6-12-16-18-19.cnf.bz2,5ac0262a6f6ff0b1c7ea0713f534645c,131271,131271,39546,0,210363,348509,0,0.458
sat/cms-scheel-md5-families-r24-c8-p0-3-5-6-14-16-18-19.cnf.bz2,d5e8ed68e939322aac850d184e89f64a,131273,131273,39547,0,210367,348513,0,0.454
sat/CNP-5-0.cnf.bz2,59c463289adac745f019fe242cfbec6a,219071,200000,28085,0,256170,415413,1,0.709
sat/CNP-5-100.cnf.bz2,847acf906ee3e44de934120cc9f6f2c1,214401,200000,27585,0,255170,415488,1,0.711
sat/CNP-5-1000.cnf.bz2,a8db47dfe4cdd6c11fc81e1198fd4e5f,172671,172671,23085,0,218841,359189,0,0.57
sat/CNP-5-1100.cnf.bz2,ce49f590c98885f7ac95567f2b1e7dd5,167911,167911,22585,0,213081,349369,0,0.568
sat/CNP-5-1200.cnf.bz2,6ccfbb9e2406918d56e57f4c1f089d3c,163211,163211,22085,0,207381,339669,0,0.533
sat/CNP-5-1300.cnf.bz2,28b3e198ddd246e95d91bbc06e6b2989,158431,158431,21585,0,201601,329809,0,0.513
sat/CNP-5-1400.cnf.bz2,849129608a891ec8f64bfb44995ab569,154221,154221,21085,0,196391,321089,0,0.5
sat/CNP-5-1500.cnf.bz2,c0a2b770a8745e816ee3cf6ceea673df,149471,149471,20585,0,190641,311289,0,0.472
sat/CNP-5-1600.cnf.bz2,3915c14c582d6250e4a0653a6f7807e6,145026,145026,20085,0,185196,302099,0,0.452
sat/CNP-5-1700.cnf.bz2,17ef99c61659c974ae00f1b9bf092cdf,140691,140691,19585,0,179861,293129,0,0.442
sat/CNP-5-1800.cnf.bz2,c9950814842b5586d11865b8aef27197,136511,136511,19085,0,174681,284469,0,0.437
sat/CNP-5-1900.cnf.bz2,98b0fb4a8b859c558ecce92c6e9905a8,132511,132511,18585,0,169681,276169,0,0.42
sat/CNP-5-200.cnf.bz2,b9871473bf0b611d3177424a442359d3,209311,200000,27085,0,254170,415506,1,0.678
sat/CNP-5-300.cnf.bz2,e42f6b72cb0b43dd520446914aaa0b01,204701,200000,26585,0,253170,415611,1,0.675
sat/CNP-5-400.cnf.bz2,d3b20f54794720fa87a76702af8f75fb,200591,200000,26085,0,252170,415605,1,0.662
sat/CNP-5-500.cnf.bz2,330617aa919e0edb980c6504e0d17eb2,196491,196491,25585,0,247661,408329,0,0.631
sat/CNP-5-600.cnf.bz2,c7895e19a65245baf11a13686d1710ca,191591,191591,25085,0,241761,398229,0,0.624
sat/CNP-5-700.cnf.bz2,cade7e3af457911e560b839a0fbe9b38,187411,187411,24585,0,236581,389569,0,0.594
sat/CNP-5-800.cnf.bz2,53741a01c644759504efe5233633dcc5,183111,183111,24085,0,231281,380669,0,0.601
sat/CNP-5-900.cnf.bz2,3e52d79c4b33e14d0324e71fd0b986cd,178091,178091,23585,0,225261,370329,0,0.566
sat/commutativity.c.cnf.bz2,28991e85ab5e76226c0041653bde1233,34906,34906,7541,326,49988,100654,0,0.123
sat/commutativity3.c.cnf.bz2,97d873cfd984140f2cb782993fb5b637,80878,80878,17106,620,115090,233986,0,0.283
sat/course_flat_0.12_2018_3_1.cnf.bz2,c9e1242a3df232c72f02bb5265003b4c,763635,200000,287344,206949,774688,465807,1,1.822
sat/course0.12_2018_3_1.cnf.bz2,63619a3eb9b531e7d963836a832f6ea9,486368,200000,158761,58849,517522,468888,1,1.264
sat/course0.12_2018_3_5.cnf.bz2,cc07e92fc74cdaf6f2c60ba097de98f5,1190583,200000,256576,399211,713152,456900,1,2.561
sat/course0.16_2018_3_5.cnf.bz2,8bf7748864d530e7cbe1091873d3c42e,1192036,200000,256874,399944,713748,456876,1,2.616
sat/course0.2_2018_3_5.cnf.bz2,c5de36538149b595c16b39ed0940958f,1193217,200000,257172,400482,714344,456803,1,2.579
sat/course0.2_2018_3.cnf.bz2,9a67aa3b5e03053c276621cb6bf08cb5,2648157,200000,315453,999487,830906,463681,1,5.645
sat/courses0.2_2017_9.cnf.bz2,60632fce4132ceacfddb8d0764befd96,2416524,200000,308211,934905,816422,461784,1,4.848
sat/cz-3-7-7.cnf.bz2,2bb7d64dd3512f26249bd2f7e8d90a51,113257,113257,12593,0,138443,291887,0,0.391
sat/cz-alt-3-7.cnf.bz2,eb18bb51407d6d53f2e48f8938840dfa,108383,108383,12145,0,132673,279304,0,0.389
sat/cz-d-4-7-5.cnf.bz2,f226a78ef56b43a6af0b8dce96b29181,153672,153672,19610,0,192892,386430,0,0.524
sat/dist10.c.cnf.bz2,67527c9e506ffa65596f017547164a49,68149,68149,14851,425,97851,195124,0,0.246
sat/dist4.c.cnf.bz2,77a0ff05f77e03cfe3261b41143edaa3,68130,68130,14833,425,97796,195084,0,0.236
sat/dist5.c.cnf.bz2,33f30196a8621928deb37d204729e218,68124,68124,14831,425,97786,195068,0,0.237
sat/dist6.c.cnf.bz2,bbe0587d3fc899352fccf7cbb10fa874,68118,68118,14829,425,97776,195052,0,0.237
sat/dist7.c.cnf.bz2,cdd8ab284c8c33aada20bef1db5bbcb7,68149,68149,14851,425,97851,195124,0,0.249
sat/dist8.c.cnf.bz2,acd0c7fee27c40d6d3345f07b7c6d6c4,68149,68149,14851,425,97851,195124,0,0.244
sat/dist9.c.cnf.bz2,e8cb09882ba424f1e5d3be231f31d2eb,68149,68149,14851,425,97851,195124,0,0.246
sat/e_rphp035_05.cnf.bz2,861a9be9fa6c72dfa091ec92013b4538,5555,5555,2960,0,11475,16140,0,0.02
sat/e_rphp055_04.cnf.bz2,d3417314c36fa797e3e4a1949fbadf83,9782,9782,5158,0,20098,28796,0,0.038
sat/e_rphp056_05.cnf.bz2,6e8c0c5ccb66d98b738314d9e841ade0,13598,13598,7097,0,27792,39954,0,0.048
sat/e_rphp065_04.cnf.bz2,14a9fe8122df422aad76a2546250c66f,13512,13512,7073,0,27658,39886,0,0.059
sat/e_rphp065_05.cnf.bz2,3c92dedae9bea8c2c22acd655e33d52d,18125,18125,9410,0,36945,53400,0,0.067
sat/e_rphp096_04.cnf.bz2,be805e2615367977aa2ef37681a01956,28888,28888,14916,0,58720,85704,0,0.115
sat/ecarev-110-1031-23-40-1.cnf.bz2,d00229433c23570f6e1c4147ec46fdf2,248471,200000,42271,0,284542,631523,1,0.906
sat/ecarev-110-1031-23-40-2.cnf.bz2,d7549284b74347abcdabaafb7b423249,248471,200000,42271,0,284542,631523,1,0.875
sat/ecarev-110-1031-23-40-3.cnf.bz2,bc71c439e136607aadbbac91cc34d378,248471,200000,42271,0,284542,631523,1,0.873
sat/ecarev-110-1031-23-40-5.cnf.bz2,83c4a55772eb377fd79b42d8510db31f,248471,200000,42271,0,284542,631523,1,0.888
sat/ecarev-110-1031-23-40-6.cnf.bz2,6296e098cc09de8bb7ce12138c2a77c8,248471,200000,42271,0,284542,631523,1,0.861
sat/ecarev-110-1031-23-40-7.cnf.bz2,6a5b9cc4d0ab64ea234befc27b6a431b,248471,200000,42271,0,284542,631523,1,0.84
sat/ecarev-110-1031-23-40-8.cnf.bz2,cc813d033d2b735cf872a7568eacda24,248471,200000,42271,0,284542,631523,1,0.866
sat/ecarev-110-4099-22-30-2.cnf.bz2,d2bf713ae5d5e4b243fc8ea8d8e5cf4b,741919,200000,126214,855,452428,630948,1,1.799
sat/ecarev-110-4099-22-30-4.cnf.bz2,a8b6af92314b321b3614ded2da24b2dd,741919,200000,126214,855,452428,630948,1,1.769
sat/ecarev-110-4099-22-30-5.cnf.bz2,e06da32846ebb302bf3bd1dd6cdd7d86,741919,200000,126214,855,452428,630948,1,1.802
sat/ecarev-110-4099-22-30-7.cnf.bz2,cd361d33986dccd7f2d86016d6c35241,741919,200000,126214,855,452428,630948,1,1.871
sat/ex009_10.cnf.bz2,a0aeb24e2a6113be5c5221653fbf90d4,6513812,200000,58539,202617,317078,681466,1,12.433
sat/ex015_14.cnf.bz2,5f5754b7a8d036ee51ced0e05ae62c6e,2196861,200000,72352,118660,344704,656795,1,4.465
sat/ex025_19.cnf.bz2,6cf8b432f3cb27c30815f4a562986085,1974699,200000,84654,128948,369308,647999,1,4.003
sat/ex039_33.cnf.bz2,1f49f37f051af218337c654f120cf4d0,571309,200000,95659,19933,391318,611084,1,1.445
sat/ex051_9.cnf.bz2,431aa052e2101d8018df4a2abe0ce0d4,488836,200000,46295,5020,292590,644203,1,1.3
sat/ex065_24.cnf.bz2,04d28cb98f3362dfcd4ab74d4bb82de3,395772,200000,70576,4228,341152,611582,1,1.137
sat/ex065_25.cnf.bz2,f746dae2050dd4aa48bcd53e8bd897b4,393322,200000,70658,4146,341316,612813,1,1.089
sat/ex067_10.cnf.bz2,698c30dc0749b66d872a1e7378c9a6df,1082032,200000,56039,34758,312078,657185,1,2.359
sat/ex145_10.cnf.bz2,51574b22bae25a1f18d1e640958c1115,299517,200000,39122,422,278244,629541,1,0.965
sat/ex145_11.cnf.bz2,87bc2ca74b0f055b899ab6b838b6d71b,297261,200000,39128,416,278256,631229,1,0.963
sat/ex157_10.cnf.bz2,986b255934e4b9f9fd7a8533bd13a76f,2005750,200000,55768,76581,311536,667308,1,4.139
sat/ex179_11.cnf.bz2,0062dc10471119b9e13da682216b190f,1735561,200000,57841,69209,315682,664264,1,3.631
sat/ex187_10.cnf.bz2,3ca581d4d75bff4eb87b99f7c857f285,1799282,200000,58810,71062,317620,663470,1,3.694
sat/exam0.04_2018_3.cnf.bz2,7aaddb977571c2e8e61f35a24942703f,990049,200000,239447,181636,678894,468766,1,2.241
sat/exams0.04_2017_9.cnf.bz2,fbe9ed60a08a08226b9e087c67105888,1056905,200000,244397,190175,688794,468395,1,2.379
sat/factoring29986577x29986577.cnf.bz2,707f23c84c45b87e05296869034e6dfd,10745,10745,2009,0,14763,35305,0,0.041
sat/factoring54018521x562448657.cnf.bz2,9ea405d0e26087a10e6c13578f4d5cb7,15516,15516,2878,0,21272,51124,0,0.056
sat/factoring87654321x12345678.cnf.bz2,af59a2bd928813e816d015c753f45541,12641,12641,2361,0,17363,41537,0,0.046
sat/factoring94418953x321534781.cnf.bz2,168b4cf4e6b8318086edf8fce8ed760e,14537,14537,2703,0,19943,47851,0,0.052
sat/filter_iir_true-unreach-call.c.cnf.bz2,c602a712213cb8bb2d132bf217a430b9,2356343,200000,288718,206307,777436,582799,1,4.937
sat/filter1_true-unreach-call.c.cnf.bz2,b2059a77acce5836fcaa1e26cd1bb1dc,2365025,200000,286781,193770,773562,586845,1,4.955
sat/frb35-17-5_ext.cnf.bz2,9b998be0c639d06988c4902eb125c0b7,14577,14577,175,0,14927,131306,0,0.088
sat/frb35-17-5-mgd_ext.cnf.bz2,df5b743d26da26848b6fe4c0fccdf1c4,12334,12334,175,0,12684,107087,0,0.078
sat/full-cy-caa.rules.7-7.cnf.bz2,efc0a77b8cddd9041d3073a5c83298f0,685419,200000,98363,7281,396726,525713,1,1.632
sat/gto_p50c291.cnf.bz2,1d6609213826bec81693f2f6987b4c16,3813,3813,607,0,5027,10369,0,0.014
sat/gto_p50c307.cnf.bz2,615a6ef0a57c23443c44b342b6937fa5,4036,4036,613,0,5262,11013,0,0.016
sat/gto_p50c311.cnf.bz2,8e4b514895207daa9d69368930b4d607,4137,4137,623,0,5383,11301,0,0.016
sat/gto_p50c312.cnf.bz2,2912668194f5aee350dac732d3c9b228,4325,4325,643,0,5611,11846,0,0.017
sat/gto_p50c314_1.cnf.bz2,420e691ef43275de7810ce0c481e9547,4339,4339,639,0,5617,11887,0,0.016
sat/gto_p50c314.cnf.bz2,e4693381ca70fb32a9e560279156afcc,4319,4319,635,0,5589,11829,0,0.016
sat/gto_p50c345_1.cnf.bz2,aa8d3e0eedd5554dcaf6d9f75e247f4b,3664,3664,605,0,4874,9958,0,0.014
sat/gto_p50c345.cnf.bz2,bd1228b7fcfb199cae603094c8d23ee3,5413,5413,703,0,6819,15009,0,0.02
sat/gto_p60c231_1.cnf.bz2,4db3c8f389b969aec21a44254d47e548,3517,3517,1019,0,5555,8393,0,0.012
sat/gto_p60c231.cnf.bz2,4e088c9266507eb6bd7022206ed15b48,3493,3493,1015,0,5523,8329,0,0.013
sat/gto_p60c233.cnf.bz2,878f074f37dfcf15181b90aaff9a911c,3533,3533,1023,0,5579,8433,0,0.012
sat/gto_p60c234.cnf.bz2,4243dc454ebacf9aabc07d52fc1285d5,3557,3557,1027,0,5611,8497,0,0.012
sat/gto_p60c235.cnf.bz2,75c75e96c77a14029e4a6555b00fe22c,3583,3583,1031,0,5645,8567,0,0.012
sat/gto_p60c238.cnf.bz2,c49b704d868a1fab03183ab2af9fea67,3649,3649,1043,0,5735,8741,0,0.013
sat/gto_p60c239.cnf.bz2,971a38dc88e6bb3b5d6b88e98796a893,3627,3627,1038,0,5703,8685,0,0.012
sat/gto_p60c241.cnf.bz2,5a0b7708bd8eb4c1d26ea32e56bf47cf,3673,3673,1046,0,5765,8807,0,0.013
sat/gto_p60c243.cnf.bz2,f22d48c5f79d10f4eb7c102db11b2961,3721,3721,1054,0,5829,8935,0,0.013
sat/gto_p60c295.cnf.bz2,99198fe75cfcff93cae855f7336aaa8c,3330,3330,635,0,4600,8845,0,0.012
sat/gto_p60c343.cnf.bz2,1573c39070c77802219d0b3e2562615e,4563,4563,729,0,6021,12397,0,0.016
sat/huck.col.11.cnf.bz2,77b103479539a71c9fe27ac5333eea89,6094,6094,740,0,7574,12780,0,0.019
sat/Karatsuba6972593x13466917.cnf.bz2,2ff25c7783f8ceb3ebab31eebb98592e,18419,18419,782,4,19983,129111,0,0.122
sat/Karatsuba7654321x1234567.cnf.bz2,a5364102dcc3cf5ba701c0bb8de675f2,17253,17253,770,5,18793,119271,0,0.137
sat/le450_15a.col.15.cnf.bz2,f004b5183cd9da8c2120ce62b15d9679,114802,114802,6300,0,127402,235004,0,0.37
sat/le450_15b.col.15.cnf.bz2,592482014c8ffde5d4f0eef650131f23,114816,114816,6300,0,127416,235032,0,0.365
sat/le450_15c.col.15.cnf.bz2,e18db1d5c3d18de101608b13605303c2,233970,200000,6300,0,212600,404608,1,0.747
sat/le450_25a.col.25.cnf.bz2,70a6ecc229f6664d3dc2419c6f2dfdd8,198690,198690,10800,0,220290,407280,0,0.614
sat/le450_25b.col.25.cnf.bz2,1a3bef9e03bab1ed4e9e34506d72a451,198762,198762,10800,0,220362,407424,0,0.611
sat/le450_25c.col.25.cnf.bz2,c4d939b4c848c3a857bd576d627fce94,416682,200000,10798,2,221596,404752,1,1.002
sat/lei450-05b-05.cnf.bz2,36a132f02c256d4b8bd16483deb842fc,29570,29570,1350,0,32270,173820,0,0.132
sat/magicSquare-8_glb.cnf.bz2,7586d7569f2b20dead0a25013318f93b,56270,56270,6864,0,69998,161870,0,0.194
sat/magicSquare-9_glb.cnf.bz2,360d0e76b0c7a3c333cb2ffc5fc1d20b,85868,85868,10226,0,106320,245149,0,0.298
sat/mchess_15.cnf.bz2,ec84eecb124c63d4757e083dd0e5a9ff,1391,1391,420,0,2231,3164,0,0.006
sat/mchess_16.cnf.bz2,8704094951693f99fd21403a039c8131,1596,1596,480,0,2556,3632,0,0.006
sat/mchess_17.cnf.bz2,2c3c28f6d939d157e909c57a265fc908,1815,1815,544,0,2903,4132,0,0.006
sat/mchess_18.cnf.bz2,822ac2997c9e0f0def5971dabcdb0dd9,2048,2048,612,0,3272,4664,0,0.007
sat/mchess_19.cnf.bz2,ee90ba05c705de083ca3f3c374c583c5,2295,2295,684,0,3663,5228,0,0.008
sat/mchess_20.cnf.bz2,45742d067cc851edc1201d8a02586eac,2556,2556,760,0,4076,5824,0,0.009
sat/Nb11T118.cnf.bz2,3cb2d7a04f72b9d8cedfcd011170687a,2378376,200000,304039,293088,808078,549569,1,4.654
sat/Nb13T165.cnf.bz2,897acc1858ce0887f286aba5c0d56d71,5543200,200000,360805,1029185,921610,549649,1,10.039
sat/Nb13T166.cnf.bz2,7ed4cc39d60ea49f8a6ace885b8dd018,5577000,200000,360898,1037593,921796,549816,1,10.384
sat/Nb27T6.cnf.bz2,3cd844ca9eb2cfcf6905c6ed8c79101b,1545480,200000,233691,114684,667382,539418,1,3.17
sat/Nb29T6.cnf.bz2,245af97c72f3fee23a11cc8c6b6eb4a0,1917480,200000,253238,178885,706476,539531,1,3.829
sat/Nb37T6.cnf.bz2,64b90e50c5aa4746b25de87936f6cb9c,3997480,200000,303478,596837,806956,540311,1,7.702
sat/Nb39T6.cnf.bz2,1d8fb889c3238adca875fafb61a9e2c6,4684680,200000,311623,743360,823246,540084,1,8.826
sat/Nb42T6.cnf.bz2,b06104a3bff8d2f7294da267e28bc1af,5856480,200000,320914,997796,841828,540470,1,10.64
sat/Nb44T6.cnf.bz2,6077d4e5f755124ddc84068d6ccb630f,6737280,200000,325331,1191607,850662,539598,1,12.548
sat/Nb45T6.cnf.bz2,1f3b251666b7b9aa4bfad28d5ecfecc2,7209000,200000,327893,1295206,855786,539852,1,13.788
sat/Nb8T60.cnf.bz2,616719725a155a88d915031bf1912180,453120,200000,113163,1017,426326,548747,1,1.295
sat/Nb8T61.cnf.bz2,6e1b970d637fca70d08b251766edade3,460800,200000,114908,1223,429816,549316,1,1.246
sat/Nb8T62.cnf.bz2,cf71149e4f09e0fe0d1b9e67d21dcf6c,468480,200000,116829,1253,433658,548757,1,1.224
sat/Nb8T63.cnf.bz2,6e9ded47ab8168922d7e78757649b830,476160,200000,118532,1501,437064,549385,1,1.249
sat/newton_3_4_true-unreach-call.i.cnf.bz2,d69851de5b015182614d22c936a4ae8c,766037,200000,153619,11075,507238,575607,1,1.807
sat/newton_3_6_false-unreach-call.i.cnf.bz2,b10b36961f097af77483deacff313300,766037,200000,153617,11077,507234,575603,1,1.799
sat/ortholatin-7.cnf.bz2,00a62eb89afbf27e1addf8f5c437da9b,101038,101038,6076,0,113190,243187,0,0.327
sat/pals_floodmax.5_overflow_false-unreach-call.ufo.UNBOUNDED.pals.c.cnf.bz2,48a4c66f04afe54063562e304024eb0f,302217,200000,41517,3039,283034,596008,1,0.961
sat/pals_lcr-var-start-time.5_true-unreach-call.ufo.UNBOUNDED.pals.c.cnf.bz2,7d6710625f3747894f918380206f121f,358802,200000,77215,4333,354430,594832,1,1.057
sat/pals_lcr-var-start-time.6_true-unreach-call.ufo.UNBOUNDED.pals.c.cnf.bz2,8c0304bf2f5cc0dc26837627dcdf50ca,236905,200000,51428,1963,302856,595333,1,0.835
sat/pals_lcr.8_overflow_false-unreach-call.ufo.UNBOUNDED.pals.c.cnf.bz2,ae3e774dda19c84566a1ba222bb44bab,534017,200000,94896,10450,389792,599635,1,1.411
sat/patat-08-comp-3.cnf.bz2,358fa8d20aa467c7e9b9bf34f73d1dc9,1618778,200000,45992,32782,291984,476473,1,3.086
sat/prime_119218851371.cnf.bz2,7c9eeb95bb79140c0fdf14cb1e4f19e9,23693,23693,4365,0,32423,78237,0,0.087
sat/prime_200560490131.cnf.bz2,52a9f12c6fb938ec95923268f07d48d0,24936,24936,4586,0,34108,82400,0,0.092
sat/Problem11_label29_false-unreach-call.c.cnf.bz2,e16c33062a8fa678573cd7b335187b32,6358575,200000,431212,1065884,1062424,585609,1,12.531
sat/Problem11_label51_false-unreach-call.c.cnf.bz2,190c646aa93f0fe89d9850a9b4260835,6358315,200000,430474,1066584,1060948,586360,1,12.6
sat/Problem14_label14_false-unreach-call.c.cnf.bz2,da72fa2e7bc48f9c0288b31db6c3f2e4,5021845,200000,396190,775782,992380,581759,1,9.741
sat/Problem14_label19_true-unreach-call.c.cnf.bz2,877d1b0a193dac2932c1c71d89790c37,5023255,200000,395795,776324,991590,580646,1,9.756
sat/Problem14_label20_true-unreach-call.c.cnf.bz2,91c69a1dedfa5f2b3779e38c48356593,7317082,200000,427152,1276654,1054304,581538,1,14.439
sat/Problem14_label48_true-unreach-call.c.cnf.bz2,a0ad1f5449d31a1413d7cb8195c3df71,7315993,200000,427043,1276672,1054086,581573,1,14.173
sat/Problem14_label55_true-unreach-call.c.cnf.bz2,f88e2d6315cb45d3ac5444e07438ad1d,7316918,200000,427018,1276774,1054036,581792,1,14.102
sat/Problem14_label57_false-unreach-call.c.cnf.bz2,eee341a50e28cee542dcbd5b1c049612,5021999,200000,396442,775546,992884,582548,1,9.911
sat/quadratic_loose_error.c.cnf.bz2,683a0eb8955c471a343d6c7d7a1101f9,431755,200000,90762,1979,381524,576998,1,1.21
sat/quadratic_tight_error.c.cnf.bz2,d570bbe4e59e242a18260d9e2f616496,431818,200000,90837,1925,381674,578036,1,1.189
sat/queen12_12.col.12.cnf.bz2,901dfaac739b6cb18711faac9f5b909d,57256,57256,1584,0,60424,115808,0,0.185
sat/queen13_13.col.13.cnf.bz2,254379ba985f92132932ecfbeffc9b54,80041,80041,2028,0,84097,161772,0,0.249
sat/queen14_14.col.14.cnf.bz2,b861982b17098c52933e65966bbf3b6e,109032,109032,2548,0,114128,220220,0,0.337
sat/queen8_8.col.9.cnf.bz2,57b7b862bd61289d886996174db0174d,11712,11712,512,0,12736,23808,0,0.037
sat/queen8-8-9.cnf.bz2,0b8d274c5bf66683cbdd1238771b31f5,6744,6744,256,0,7256,52800,0,0.033
sat/ramsey-30-4.cnf.bz2,257b1331c202be554abdec123a86213b,162400,162400,37410,0,237220,584640,0,0.679
sat/ramsey-32-4.cnf.bz2,d6a3720e0c3186e866f7452db66fc3e2,198400,198400,45632,0,289664,714240,0,0.821
sat/satcoin-genesis-SAT-10.cnf.bz2,06e928088bd822602edb83e41ce8dadb,648803,200000,122854,11926,445708,601525,1,1.734
sat/satcoin-genesis-SAT-1024.cnf.bz2,8d8240ca3fb803c3ba2db08e640ea604,648806,200000,122973,11808,445946,601399,1,1.695
sat/satcoin-genesis-SAT-128.cnf.bz2,8e3321b7ea3071613457497f1166f6e5,648806,200000,122972,11809,445944,601396,1,1.803
sat/satcoin-genesis-SAT-16.cnf.bz2,c37b4ce8f68fe990fa25d5bb51f478c4,648806,200000,122972,11809,445944,601397,1,1.761
sat/satcoin-genesis-SAT-2048.cnf.bz2,f42d3b2739adeb8817988487af05ce53,648806,200000,122972,11809,445944,601398,1,1.662
sat/satcoin-genesis-SAT-256.cnf.bz2,c5a46b97916d90586c012e38672419e7,648806,200000,122973,11808,445946,601398,1,1.665
sat/satcoin-genesis-SAT-3.cnf.bz2,4b803fb384091b68879eea87c93159d4,648788,200000,122803,11972,445606,601740,1,1.639
sat/satcoin-genesis-SAT-32.cnf.bz2,2dcc525ccb3eb88be9dcd4fbed1bab6c,648806,200000,122972,11809,445944,601399,1,1.629
sat/satcoin-genesis-SAT-4.cnf.bz2,0616ca6b1e0ae639d12e19ed310963a9,648806,200000,122972,11809,445944,601398,1,1.645
sat/satcoin-genesis-SAT-4096.cnf.bz2,213c4eabd02f12ff075c751edb6dbff9,648806,200000,122971,11810,445942,601398,1,1.657
sat/satcoin-genesis-SAT-5.cnf.bz2,5099718e4b5b8fe2ba7f8b919fdfde2d,648806,200000,122972,11809,445944,601428,1,1.748
sat/satcoin-genesis-SAT-512.cnf.bz2,cb2b62589f6d979563e6b640c241b3a8,648806,200000,122973,11808,445946,601398,1,1.659
sat/satcoin-genesis-SAT-64.cnf.bz2,08530caa5c9232f2ffc5163cf79b38e7,648806,200000,122972,11809,445944,601399,1,1.646
sat/satcoin-genesis-SAT-7.cnf.bz2,ad07687a32d88007a519820da419085b,648803,200000,122854,11926,445708,601557,1,1.635
sat/satcoin-genesis-SAT-8.cnf.bz2,d04afa1594d501f60588bb1e265ef05e,648806,200000,122972,11809,445944,601398,1,1.634
sat/satcoin-genesis-SAT-8192.cnf.bz2,fca7a5a04aaed5f0eacccc4139dc894a,648806,200000,122973,11808,445946,601400,1,1.636
sat/satcoin-genesis-SAT-9.cnf.bz2,bc2e7477ffd668db449bad5155548186,648806,200000,122972,11809,445944,601426,1,1.633
sat/school1_nsh.col.14.cnf.bz2,36fd6d5704c8e5d60c91c53d60597365,190308,190308,4576,0,199460,384488,0,0.596
sat/school1.col.14.cnf.bz2,3de6254158ab7d91cb75256fd84c2f89,248620,200000,5002,3,210004,403388,1,0.747
sat/sdiv15prop.cnf.bz2,74313b5880d5aad029aa8f0ef4e827b4,9236,9236,3179,0,15594,21550,0,0.03
sat/sdiv16prop.cnf.bz2,aa91e3e3aa382f2be3d3603be47fca42,10484,10484,3602,0,17688,24462,0,0.034
sat/sdiv17prop.cnf.bz2,f3f6b1bdf843e3f2df370189b5fccad7,11810,11810,4051,0,19912,27556,0,0.039
sat/sdiv20prop.cnf.bz2,1b17ca443cb77aa4f884a231d038bb7e,16256,16256,5554,0,27364,37930,0,0.053
sat/sdiv25prop.cnf.bz2,99fb55dfbb28f470dcbd1722536e0daa,25226,25226,8579,0,42384,58860,0,0.085
sat/sdiv30prop.cnf.bz2,a17efb89fadde5be43b05cf36181f6ba,36146,36146,12254,0,60654,84340,0,0.12
sat/sdiv40prop.cnf.bz2,0227c865edaeda75e13eea36d57b7eed,63836,63836,21554,0,106944,148950,0,0.217
sat/si2-b03m-m400-03.cnf.bz2,2cf177493f485906510321213cfdc994,298157,200000,5310,0,210620,2667838,1,3.144
sat/si2-b03m-m800-03.cnf.bz2,af750c18578d52e60472315692ad83c0,472588,200000,10859,3,221718,2664534,1,2.814
sat/si2-b06m-m1000-03.cnf.bz2,95b8b6965d773a5c8c5d8704eb2196ea,563208,200000,9289,11,218578,2954945,1,3.452
sat/sqrt_ineq_2.c.cnf.bz2,cb4238b7a86307dd3e0be2ef213500ad,641376,200000,125587,6657,451174,588214,1,1.59
sat/sqrt_ineq_3.c.cnf.bz2,b51583e32432c5778c7e3e996c3bfeba,641421,200000,125524,6735,451048,586517,1,1.59
sat/sted1_0x0-330.cnf.bz2,705fa7d68c47bb31cfc3f23735f36785,335975,200000,13431,0,226862,749497,1,1.162
sat/sted1_0x0-350.cnf.bz2,caae9c4cb6b5e22d8642eb305d62f17e,335955,200000,13431,0,226862,749304,1,1.14
sat/sted1_0x0-380.cnf.bz2,d42c9f674dcabd62a43c0d4b9b495c2a,335935,200000,13431,0,226862,749887,1,1.136
sat/sted1_0x0-420.cnf.bz2,cb51db17dbfaef01db0ae1a96ecf1cad,335895,200000,13431,0,226862,749680,1,1.133
sat/sted1_0x1e3-100.cnf.bz2,4a27ec0da2071786d8528b4ed5b1108d,222805,200000,10911,0,221822,1119437,1,1.111
sat/sted1_0x1e3-200.cnf.bz2,0d69ebe07952e551d249d8b9c9e87c08,222705,200000,10911,0,221822,1119703,1,1.097
sat/sted1_0x1e3-300.cnf.bz2,d221fec411c76011f99818b1c37fdf9a,222605,200000,10911,0,221822,1120366,1,1.089
sat/sted1_0x24204-330.cnf.bz2,6cd9571bc71cc0c3fb08aeafb9ca37e4,353614,200000,13431,0,226862,781804,1,1.197
sat/sted1_0x24204-350.cnf.bz2,e90a69fccafffc449c269a293dc6baaa,353594,200000,13431,0,226862,781578,1,1.197
sat/sted1_0x24204-380.cnf.bz2,27f320fde33a42bacfa90b288b2e2ade,353564,200000,13431,0,226862,781939,1,1.197
sat/sted5_0x0-40.cnf.bz2,1c2bd05b935d6c3239907159f13f2a1d,58359,58359,2345,0,63049,216411,0,0.239
sat/sted5_0x0-50.cnf.bz2,75d8705ab6a8acffe29585e95268acc0,58349,58349,2345,0,63039,216401,0,0.236
sat/sted5_0x0-60.cnf.bz2,3be5e51c21f29f63eba4501a962493ee,58339,58339,2345,0,63029,216391,0,0.235
sat/sted5_0x0-70.cnf.bz2,db34df57edfdbcb8790efa3e43e0d5bb,58329,58329,2345,0,63019,216381,0,0.233
sat/sted5_0x1e3-20.cnf.bz2,91e0db01b254eb78f6643328045bfeb9,35939,35939,1841,0,39621,200534,0,0.169
sat/sted5_0x1e3-40.cnf.bz2,78fe33e93ff0e625c0d1662aed6c8a60,35919,35919,1841,0,39601,200514,0,0.17
sat/sted5_0x1e3-60.cnf.bz2,9bfd68f47251ccd0b8a39ff5efcd52e5,35899,35899,1841,0,39581,200494,0,0.17
sat/sted5_0x24204-50.cnf.bz2,f50eaf02a8041510b64104998cc81d2f,61876,61876,2345,0,66566,240732,0,0.254
sat/sted5_0x24204-60.cnf.bz2,7df66894fe6fbd7e6416faaadb50ba73,61866,61866,2345,0,66556,240722,0,0.257
sat/sted5_0x24204-70.cnf.bz2,14c33d4be35ed33f2c67498f8334993f,61856,61856,2345,0,66546,240712,0,0.261
sat/terminator_03_true-unreach-call_true-termination.i.cnf.bz2,7ba40e48181c3dcc086194bd886ce467,1257615,200000,108649,28253,417298,599518,1,2.602
sat/TimetableCNFEncoding_1_UNKNOWN.cnf.bz2,2fdd1060b7b84e0a467ce815f808d72f,2492555,200000,181495,185012,562990,563133,1,4.888
sat/TimetableCNFEncoding_10_UNKNOWN.cnf.bz2,c23b32bc4499e02aa6907664e1f0502f,696822,200000,115032,24426,430064,552311,1,1.622
sat/TimetableCNFEncoding_16_UNKNOWN.cnf.bz2,cffe58485cb866edc8ff999f150b6464,2073399,200000,173258,157875,546516,560848,1,4.07
sat/TimetableCNFEncoding_17_UNKNOWN.cnf.bz2,532498b3cd948f0db94ac28636a05816,2470716,200000,180389,182307,560778,563321,1,4.934
sat/TimetableCNFEncoding_2_UNKNOWN.cnf.bz2,a579604efe04d2aa865386c741cce70e,1642907,200000,165533,130829,531066,557849,1,3.277
sat/TimetableCNFEncoding_20_UNKNOWN.cnf.bz2,33bcf82677b7fdacf18dd48892596a1d,2649518,200000,184559,193871,569118,563885,1,5.097
sat/TimetableCNFEncoding_3_UNKNOWN.cnf.bz2,16ca7cd1af0f7102faf95131822ace7e,2431386,200000,179873,178752,559746,563053,1,4.574
sat/TimetableCNFEncoding_4_UNKNOWN.cnf.bz2,a62fb2367a024ba494c740420db4a622,1766553,200000,168391,139328,536782,558152,1,3.532
sat/TimetableCNFEncoding_5_UNKNOWN.cnf.bz2,4b3ac9685ff0aacd16ca386ec920c0ca,1706732,200000,166932,135644,533864,557986,1,3.527
sat/TimetableCNFEncoding_6_UNKNOWN.cnf.bz2,8aa9da1b9faca7329acaea993d163d0d,1434813,200000,145546,82460,491092,559687,1,2.939
sat/TimetableCNFEncoding_8_UNKNOWN.cnf.bz2,9f8e73a67430ddb104d87d2055df161f,1187797,200000,138568,66936,477136,557770,1,2.515
sat/TimetableCNFEncoding_9_UNKNOWN.cnf.bz2,39feaada031121eaeb4140a86cd5ef9f,1010507,200000,131914,53600,463828,555414,1,2.18
sat/udiv35prop.cnf.bz2,2934a7db9d5b4f1ac33f8508be9700c2,32257,32257,10972,0,54201,75311,0,0.107
sat/udiv40prop.cnf.bz2,92afef62e7c2a187982f88e57fff9a5a,42272,42272,14342,0,70956,98686,0,0.14
sat/udiv45prop.cnf.bz2,06d2543c151c2478fde159c6dc0424ac,53637,53637,18162,0,89961,125211,0,0.179
sat/udiv46prop.cnf.bz2,4fcad2124dbdaf3d4d933545bce23d70,56072,56072,18980,0,94032,130894,0,0.185
sat/udiv47prop.cnf.bz2,e1b7eb30b30fe24bd77898312bf42c8f,58561,58561,19816,0,98193,136703,0,0.192
sat/udiv48prop.cnf.bz2,0a60caf64b5ae6fdebacc9521c5ee731,61104,61104,20670,0,102444,142638,0,0.204
sat/uniqinv20prop.cnf.bz2,b1fab5c570d9365db1209daf8b22af9f,8790,8790,3066,0,14922,20508,0,0.029
sat/uniqinv25prop.cnf.bz2,3a4212a4ed6019d0f3571a5f0b4839f5,13980,13980,4831,0,23642,32618,0,0.045
sat/uniqinv30prop.cnf.bz2,3154f269851c216ac1ddb39e092db3e3,20370,20370,6996,0,34362,47528,0,0.065
sat/uniqinv40prop.cnf.bz2,9b5f767eb5c14eb888d51acf70e045c8,36750,36750,12526,0,61802,85748,0,0.12
sat/uniqinv45prop.cnf.bz2,2953ca8cacff8201007fde3b7db1d9e8,46740,46740,15891,0,78522,109058,0,0.154
sat/uniqinv46prop.cnf.bz2,a9dd80ac369ca24054cba2b308fbc712,48882,48882,16612,0,82106,114056,0,0.16
sat/uniqinv47prop.cnf.bz2,a3b08e135c28eebb7e182e2779bb4fb9,51072,51072,17349,0,85770,119166,0,0.169
